[{"id":1,"name":"Lorène","email":"hblaxall0@ucla.edu"},
{"id":2,"name":"Marlène","email":"sgedney1@marriott.com"},
{"id":3,"name":"Daphnée","email":"atribbeck2@cisco.com"},
{"id":4,"name":"Eugénie","email":"nfarrear3@cbc.ca"},
{"id":5,"name":"Agnès","email":"cgarlant4@exblog.jp"},
{"id":6,"name":"Chloé","email":"tearie5@ox.ac.uk"},
{"id":7,"name":"Anaïs","email":"rreef6@cocolog-nifty.com"},
{"id":8,"name":"Yú","email":"nscamwell7@nifty.com"},
{"id":9,"name":"Lén","email":"iguiden8@webs.com"},
{"id":10,"name":"Mélina","email":"bspellissy9@mashable.com"},
{"id":11,"name":"Yóu","email":"gwintlea@whitehouse.gov"},
{"id":12,"name":"Noémie","email":"gkitchinhamb@moonfruit.com"},
{"id":13,"name":"Mélinda","email":"rvalentettic@msu.edu"},
{"id":14,"name":"Mahélie","email":"wskermd@4shared.com"},
{"id":15,"name":"Fèi","email":"cmorae@feedburner.com"},
{"id":16,"name":"Mårten","email":"eloransf@wunderground.com"},
{"id":17,"name":"Vérane","email":"blunng@odnoklassniki.ru"},
{"id":18,"name":"Mahélie","email":"rpipkinh@hibu.com"},
{"id":19,"name":"Torbjörn","email":"jharrali@jimdo.com"},
{"id":20,"name":"Faîtes","email":"tquenellj@yellowpages.com"},
{"id":21,"name":"Geneviève","email":"rvelezk@yellowpages.com"},
{"id":22,"name":"Uò","email":"msquierl@nytimes.com"},
{"id":23,"name":"Publicité","email":"ralbertsm@ucla.edu"},
{"id":24,"name":"Dorothée","email":"bcampsalln@independent.co.uk"},
{"id":25,"name":"Judicaël","email":"rparradineo@ftc.gov"},
{"id":26,"name":"Bérengère","email":"desslementp@apache.org"},
{"id":27,"name":"Edmée","email":"rdunckleyq@parallels.com"},
{"id":28,"name":"Yóu","email":"owoolardr@archive.org"},
{"id":29,"name":"Pò","email":"bgrubys@dailymail.co.uk"},
{"id":30,"name":"Estève","email":"ggwillimt@jugem.jp"},
{"id":31,"name":"Östen","email":"seustaceu@ucoz.ru"},
{"id":32,"name":"Maéna","email":"astaintonv@ocn.ne.jp"},
{"id":33,"name":"Örjan","email":"jreiachw@histats.com"},
{"id":34,"name":"Göran","email":"snaryx@sun.com"},
{"id":35,"name":"Intéressant","email":"vmcdermidy@hud.gov"},
{"id":36,"name":"Pénélope","email":"lcasementz@360.cn"},
{"id":37,"name":"Valérie","email":"acaurah10@cnet.com"},
{"id":38,"name":"Fèi","email":"emancktelow11@homestead.com"},
{"id":39,"name":"Ruò","email":"kjessope12@reuters.com"},
{"id":40,"name":"Léa","email":"bkainz13@youtube.com"},
{"id":41,"name":"Gösta","email":"tskuse14@360.cn"},
{"id":42,"name":"Nuó","email":"vswinden15@vk.com"},
{"id":43,"name":"Eléonore","email":"zdodworth16@liveinternet.ru"},
{"id":44,"name":"Eugénie","email":"zbinder17@ucoz.ru"},
{"id":45,"name":"Danièle","email":"nace18@twitter.com"},
{"id":46,"name":"Adélie","email":"aludye19@mediafire.com"},
{"id":47,"name":"Pò","email":"ltregenza1a@youtu.be"},
{"id":48,"name":"Méghane","email":"neglington1b@newsvine.com"},
{"id":49,"name":"Eliès","email":"aallsebrook1c@ftc.gov"},
{"id":50,"name":"Håkan","email":"gdoret1d@imgur.com"},
{"id":51,"name":"Lyséa","email":"hdeshorts1e@dot.gov"},
{"id":52,"name":"Mélissandre","email":"wkempton1f@xrea.com"},
{"id":53,"name":"Lyséa","email":"obulgen1g@blinklist.com"},
{"id":54,"name":"Daphnée","email":"pstaves1h@addtoany.com"},
{"id":55,"name":"Andrée","email":"akubanek1i@berkeley.edu"},
{"id":56,"name":"Léonie","email":"eheims1j@domainmarket.com"},
{"id":57,"name":"Åsa","email":"rbrosoli1k@statcounter.com"},
{"id":58,"name":"Pélagie","email":"loleshunin1l@usgs.gov"},
{"id":59,"name":"Yè","email":"madamowitz1m@disqus.com"},
{"id":60,"name":"Gérald","email":"dlamshead1n@free.fr"},
{"id":61,"name":"Publicité","email":"llarkby1o@acquirethisname.com"},
{"id":62,"name":"Mårten","email":"wcattellion1p@go.com"},
{"id":63,"name":"Léonie","email":"mdrescher1q@archive.org"},
{"id":64,"name":"Léana","email":"mbruhnicke1r@harvard.edu"},
{"id":65,"name":"Clémence","email":"jwaywell1s@fema.gov"},
{"id":66,"name":"Zoé","email":"kcorck1t@devhub.com"},
{"id":67,"name":"Yáo","email":"tfahy1u@prnewswire.com"},
{"id":68,"name":"Gérald","email":"ymurrhaupt1v@hibu.com"},
{"id":69,"name":"Tán","email":"treidie1w@shinystat.com"},
{"id":70,"name":"Mahélie","email":"gwilmot1x@virginia.edu"},
{"id":71,"name":"Mahélie","email":"trobertz1y@apple.com"},
{"id":72,"name":"Noëlla","email":"bcovington1z@xing.com"},
{"id":73,"name":"Marie-thérèse","email":"dkinchin20@dion.ne.jp"},
{"id":74,"name":"Salomé","email":"ctoupe21@sbwire.com"},
{"id":75,"name":"Bénédicte","email":"bdargan22@cnet.com"},
{"id":76,"name":"Mélys","email":"glegat23@exblog.jp"},
{"id":77,"name":"Marc","email":"dmaysor24@edublogs.org"},
{"id":78,"name":"Cloé","email":"sstickells25@yale.edu"},
{"id":79,"name":"Cléa","email":"tsimonnin26@seesaa.net"},
{"id":80,"name":"Eléa","email":"rhumbert27@webs.com"},
{"id":81,"name":"Mén","email":"paherne28@google.co.jp"},
{"id":82,"name":"Maëly","email":"oolorenshaw29@dropbox.com"},
{"id":83,"name":"Uò","email":"dvowells2a@mtv.com"},
{"id":84,"name":"Inès","email":"mdaeth2b@hhs.gov"},
{"id":85,"name":"Eléa","email":"bnegri2c@netscape.com"},
{"id":86,"name":"Valérie","email":"kmenicomb2d@wisc.edu"},
{"id":87,"name":"Hélèna","email":"aconsterdine2e@google.es"},
{"id":88,"name":"Adélie","email":"kcrunkhurn2f@meetup.com"},
{"id":89,"name":"Yóu","email":"kmacshirie2g@hubpages.com"},
{"id":90,"name":"Mélinda","email":"alydiate2h@patch.com"},
{"id":91,"name":"Daphnée","email":"jworsall2i@drupal.org"},
{"id":92,"name":"Léana","email":"kheal2j@newsvine.com"},
{"id":93,"name":"Méryl","email":"tspoure2k@nationalgeographic.com"},
{"id":94,"name":"Ráo","email":"pmenguy2l@quantcast.com"},
{"id":95,"name":"Daphnée","email":"mshelley2m@nba.com"},
{"id":96,"name":"Séréna","email":"sspring2n@cnet.com"},
{"id":97,"name":"Maïté","email":"mhallsworth2o@google.com.au"},
{"id":98,"name":"Marylène","email":"dbrainsby2p@ycombinator.com"},
{"id":99,"name":"Josée","email":"ggalsworthy2q@vkontakte.ru"},
{"id":100,"name":"Stéphanie","email":"mlomax2r@house.gov"}]